Class,AntiSingleton,ClassDataShouldBePrivate,RefusedParentBequest,ComplexClass,LazyClass,LongParameterList,SpeculativeGenerality
org.apache.xalan.xsltc.compiler.util.ErrorMessages_ca,0,0,0,0,0,0,0
org.apache.xpath.operations.Mod,0,0,0,0,0,0,0
org.apache.xalan.templates.ElemValueOf,0,0,0,0,0,0,0
org.apache.xml.utils.synthetic.reflection.Method,0,0,0,0,0,0,0
org.apache.xalan.templates.ElemFallback,0,0,0,0,0,0,0
org.apache.xalan.processor.ProcessorImport,0,0,0,0,0,0,0
org.apache.xalan.xsltc.runtime.Hashtable,0,0,0,0,0,0,0
org.apache.xpath.res.XPATHErrorResources_es,0,0,0,0,0,0,0
org.apache.xpath.compiler.Keywords,0,0,0,0,0,0,0
org.apache.xml.utils.DOMHelper,0,0,0,0,0,0,0
org.apache.xpath.res.XPATHErrorResources_en,0,0,0,0,0,0,0
org.apache.xml.res.XMLErrorResources_ja,0,0,0,0,0,0,0
org.apache.xalan.xsltc.compiler.VariableBase,0,0,0,0,0,0,0
org.apache.xalan.processor.XSLTAttributeDef,2,0,0,1,0,2,0
org.apache.xml.utils.XMLCharacterRecognizer,0,0,0,0,0,0,0
org.apache.xalan.xsltc.compiler.util.SecuritySupport12,0,0,0,0,0,0,0
org.apache.xalan.xsltc.compiler.LastCall,0,0,0,0,0,0,0
org.apache.xalan.transformer.XalanProperties,0,0,0,0,0,0,0
org.apache.xml.res.XMLErrorResources_it,0,0,0,0,0,0,0
org.apache.xml.dtm.DTMDOMException,0,0,0,0,0,0,0
org.apache.xalan.xsltc.compiler.TestSeq,0,0,0,0,0,0,0
org.apache.xpath.functions.FunctionOneArg,0,0,0,0,0,0,0
org.apache.xml.dtm.ref.SecuritySupport,0,0,0,0,0,0,0
org.apache.xml.serializer.ToTextSAXHandler,0,0,0,0,0,0,0
org.apache.xalan.templates.WhiteSpaceInfo,0,0,0,0,0,0,0
org.apache.xalan.xsltc.dom.XSLTCDTMManager,0,0,0,0,0,0,0
org.apache.xalan.transformer.Counter,0,0,0,0,0,0,0
org.apache.xalan.processor.ProcessorNamespaceAlias,0,0,0,0,0,0,0
org.apache.xpath.axes.SelfIteratorNoPredicate,0,0,0,0,0,0,0
org.apache.xalan.templates.ElemExtensionDecl,0,0,0,0,0,0,0
org.apache.xml.utils.StringVector,0,0,0,0,0,0,0
org.apache.xalan.xsltc.dom.SingletonIterator,0,0,0,0,0,0,0
org.apache.xalan.xsltc.compiler.Instruction,0,0,0,0,0,0,0
org.apache.xpath.res.XPATHErrorResources_de,0,0,0,0,0,0,0
org.apache.xalan.templates.ElemElement,0,0,0,0,0,0,0
org.apache.xalan.templates.ElemTextLiteral,0,0,0,0,0,0,0
org.apache.xml.res.XMLErrorResources_hu,0,0,0,0,0,0,0
org.apache.xpath.compiler.Lexer,0,0,0,0,0,0,0
org.apache.xml.serializer.ElemDesc,0,0,0,0,0,0,0
org.apache.xalan.transformer.NodeSortKey,0,0,0,0,0,3,0
org.apache.xalan.xsltc.runtime.MessageHandler,0,0,0,0,2,0,0
org.apache.xml.dtm.ref.ExpandedNameTable,0,0,0,0,0,0,0
org.apache.xalan.xsltc.compiler.NameBase,0,0,0,0,0,0,0
org.apache.xpath.operations.Or,0,0,0,0,0,0,0
org.apache.xalan.xsltc.trax.Util,0,0,0,0,0,0,0
org.apache.xalan.xsltc.runtime.HashtableEntry,0,0,0,0,0,0,0
org.apache.xpath.res.XPATHErrorResources_cs,0,0,0,0,0,0,0
org.apache.xpath.axes.ChildTestIterator,0,0,0,0,0,0,0
org.apache.xml.serializer.OutputPropertyUtils,0,0,0,0,0,0,0
org.apache.xalan.templates.XUnresolvedVariableSimple,0,0,0,0,0,0,0
org.apache.xalan.xsltc.trax.SecuritySupport12,0,0,0,0,0,0,0
org.apache.xpath.axes.ChildIterator,0,0,0,0,0,0,0
org.apache.xml.utils.DefaultErrorHandler,0,0,0,0,0,0,0
org.apache.xml.dtm.ref.IncrementalSAXSource_Xerces,0,0,0,0,0,0,0
org.apache.xpath.res.XPATHErrorResources_ca,0,0,0,0,0,0,0
org.apache.xalan.xsltc.compiler.AttributeValueTemplate,0,0,0,0,0,0,0
org.apache.xalan.xsltc.compiler.FloorCall,0,0,0,0,0,0,0
org.apache.xalan.xsltc.compiler.UnaryOpExpr,0,0,0,0,0,0,0
org.apache.xalan.transformer.KeyRefIterator,0,0,0,0,0,0,0
org.apache.xml.serializer.ToHTMLSAXHandler,0,0,0,0,0,0,0
org.apache.xalan.processor.ProcessorAttributeSet,0,0,0,0,0,1,0
org.apache.xalan.xsltc.runtime.ErrorMessages_zh_TW,0,0,0,0,0,0,0
org.apache.xalan.xsltc.compiler.Variable,0,0,0,0,0,0,0
org.apache.xalan.res.XSLTErrorResources_zh_CN,0,0,0,0,0,0,0
org.apache.xalan.templates.VarNameCollector,0,0,0,0,0,0,0
org.apache.xpath.functions.Function,0,0,0,0,0,0,0
org.apache.xml.utils.ObjectVector,0,0,0,0,0,0,0
org.apache.xml.res.XMLErrorResources_fr,0,0,0,0,0,0,0
org.apache.xalan.xsltc.compiler.util.TestGenerator,0,0,0,0,0,0,0
org.apache.xml.dtm.ref.EmptyIterator,0,0,0,0,0,0,0
org.apache.xalan.transformer.StackGuard,3,2,0,0,0,0,0
org.apache.xalan.xsltc.compiler.Param,0,0,0,0,0,0,0
org.apache.xalan.xsltc.trax.OutputSettings,0,0,0,0,0,0,0
org.apache.xalan.templates.ElemVariablePsuedo,0,0,0,0,0,0,0
org.apache.xalan.processor.XSLProcessorVersion,0,0,0,0,0,0,0
org.apache.xalan.xsltc.dom.EmptyFilter,0,0,0,0,0,0,0
org.apache.xalan.xsltc.dom.MatchingIterator,0,0,0,0,0,0,0
org.apache.xalan.processor.ProcessorExsltFuncResult,0,0,0,0,0,0,0
org.apache.xml.res.XMLErrorResources_es,0,0,0,0,0,0,0
org.apache.xml.utils.synthetic.TestDriver,0,0,0,0,0,0,0
org.apache.xml.res.XMLErrorResources_en,0,0,0,0,0,0,0
org.apache.xalan.xsltc.compiler.Comment,0,0,0,0,0,0,0
org.apache.xalan.lib.Redirect,0,0,0,0,0,0,0
org.apache.xpath.operations.Lt,0,0,0,0,0,0,0
org.apache.xpath.Arg,0,0,0,0,0,0,0
org.apache.xalan.xsltc.compiler.ApplyTemplates,0,0,0,0,0,0,0
org.apache.xml.utils.ElemDesc,0,0,0,0,0,0,0
org.apache.xalan.xsltc.compiler.DocumentCall,0,0,0,0,0,0,0
org.apache.xalan.transformer.CountersTable,0,0,0,0,0,0,0
org.apache.xalan.xsltc.compiler.Predicate,0,0,0,0,0,0,0
org.apache.xalan.lib.ExsltCommon,0,0,0,0,0,0,0
org.apache.xalan.processor.ProcessorTemplate,0,0,0,0,0,0,0
org.apache.xml.utils.res.XResources_ko,0,0,0,0,0,0,0
org.apache.xalan.xsltc.dom.CollatorFactoryBase,0,0,0,0,0,0,0
org.apache.xalan.xsltc.compiler.util.RealType,0,0,0,0,0,0,0
org.apache.xalan.xsltc.compiler.util.ClassGenerator,3,0,0,0,0,4,0
org.apache.xalan.xslt.Process,0,0,0,0,0,0,0
org.apache.xml.utils.res.XResources_ka,0,0,0,0,0,0,0
org.apache.xpath.objects.XString,0,0,0,0,0,0,0
org.apache.xalan.templates.ElemParam,0,0,0,0,0,0,0
org.apache.xpath.compiler.FunctionTable,0,0,0,0,0,0,0
org.apache.xalan.xsltc.compiler.util.SlotAllocator,0,0,0,0,0,0,0
org.apache.xpath.functions.FuncUnparsedEntityURI,0,0,0,0,0,0,0
org.apache.xpath.axes.FilterExprIteratorSimple,0,0,0,0,0,3,0
org.apache.xml.dtm.ref.CoroutineManager,0,0,0,0,0,0,0
org.apache.xml.res.XMLErrorResources_de,0,0,0,0,0,0,0
org.apache.xml.utils.SuballocatedByteVector,0,0,0,0,0,0,0
org.apache.xalan.xsltc.compiler.ArgumentList,0,0,0,0,0,0,0
org.apache.xalan.xsltc.trax.ObjectFactory,0,0,0,0,0,0,0
org.apache.xalan.templates.ElemUse,0,0,0,0,0,0,0
org.apache.xpath.objects.XRTreeFrag,0,0,0,0,0,0,0
org.apache.xalan.xsltc.compiler.util.SecuritySupport,0,0,0,0,0,0,0
org.apache.xml.utils.ObjectFactory,0,0,0,0,0,0,0
org.apache.xml.res.XMLErrorResources_cs,0,0,0,0,0,0,0
org.apache.xalan.xsltc.compiler.util.BooleanType,0,0,0,0,0,0,0
org.apache.xalan.templates.AVTPartSimple,0,0,0,0,0,0,0
org.apache.xalan.templates.XSLTVisitor,0,0,0,0,0,0,0
org.apache.xalan.templates.ElemNumber,0,0,0,0,0,7,0
org.apache.xalan.transformer.TreeWalker2Result,0,0,0,0,0,0,0
org.apache.xalan.xsltc.dom.BitArray,0,0,0,0,0,0,0
org.apache.xalan.xsltc.cmdline.getopt.IllegalArgumentException,0,0,0,0,0,0,0
org.apache.xml.serializer.SerializerBase,0,0,0,0,0,0,0
org.apache.xalan.lib.ExsltStrings,0,0,0,0,0,0,0
org.apache.xml.res.XMLErrorResources_ca,0,0,0,0,0,0,0
org.apache.xalan.xsltc.compiler.DecimalFormatting,0,0,0,0,0,0,0
org.apache.xml.utils.res.XResources_it,0,0,0,0,0,0,0
org.apache.xpath.functions.Function3Args,0,0,0,0,0,0,0
org.apache.xml.serializer.Encodings,0,0,0,0,0,0,0
org.apache.xalan.templates.ElemEmpty,0,0,0,0,0,0,0
org.apache.xalan.templates.ElemChoose,0,0,0,0,0,0,0
org.apache.xml.dtm.DTMException,0,0,0,0,0,0,0
org.apache.xpath.axes.PredicatedNodeTest,0,0,0,0,0,0,0
org.apache.xalan.processor.ProcessorText,0,0,0,0,0,0,0
org.apache.xalan.trace.TraceManager,0,0,0,0,0,8,0
org.apache.xalan.xsltc.trax.SAX2DOM,0,0,0,0,0,0,0
org.apache.xpath.XPath,0,0,0,0,0,6,0
org.apache.xml.utils.res.XResources_hy,0,0,0,0,0,0,0
org.apache.xml.dtm.ref.DTMNodeList,0,0,0,0,0,0,0
org.apache.xalan.processor.ProcessorUnknown,0,0,0,0,0,0,0
org.apache.xalan.transformer.ResultNameSpace,0,0,0,0,0,0,0
org.apache.xalan.xsltc.dom.AnyNodeCounter,0,0,0,0,0,0,1
org.apache.xalan.lib.sql.SecuritySupport12,0,0,0,0,0,0,0
org.apache.xml.res.XMLErrorResources,0,0,0,0,0,0,0
org.apache.xalan.transformer.SerializerSwitcher,0,0,0,0,0,0,0
org.apache.xalan.xsltc.compiler.util.Util,0,0,0,0,0,0,0
org.apache.xalan.xsltc.dom.FilterIterator,0,0,0,0,0,0,0
org.apache.xpath.functions.FuncSum,0,0,0,0,0,0,0
org.apache.xpath.objects.XNodeSet,12,0,0,0,0,0,0
org.apache.xalan.xsltc.compiler.GenerateIdCall,0,0,0,0,0,0,0
org.apache.xml.utils.res.XResources_he,0,0,0,0,0,0,0
org.apache.xml.utils.BoolStack,0,0,0,0,0,0,0
org.apache.xml.utils.TreeWalker,0,0,0,0,0,0,0
org.apache.xml.dtm.ref.SecuritySupport12,0,0,0,0,0,0,0
org.apache.xalan.lib.sql.SecuritySupport,0,0,0,0,0,0,0
org.apache.xalan.xsltc.compiler.UnresolvedRef,0,0,0,0,0,0,0
org.apache.xalan.xsltc.compiler.RealExpr,0,0,0,0,0,0,0
org.apache.xalan.templates.ElemOtherwise,0,0,0,0,0,0,0
org.apache.xalan.xsltc.compiler.util.MatchGenerator,0,0,0,0,0,0,0
org.apache.xpath.axes.FilterExprWalker,0,0,0,0,0,0,0
org.apache.xpath.operations.Gt,0,0,0,0,0,0,0
org.apache.xalan.xsltc.compiler.ForEach,0,0,0,0,0,0,0
org.apache.xalan.extensions.ExtensionNamespaceSupport,0,0,0,0,0,0,0
org.apache.xalan.xsltc.util.JavaCupRedirect,0,0,0,0,0,0,0
org.apache.xalan.trace.GenerateEvent,0,2,0,0,0,4,0
org.apache.xalan.serialize.SerializerUtils,0,0,0,0,0,0,0
org.apache.xalan.processor.ProcessorCharacters,0,0,0,0,0,0,0
org.apache.xml.serializer.ObjectFactory,0,0,0,0,0,0,0
org.apache.xpath.compiler.FuncLoader,0,0,0,0,0,0,0
org.apache.xpath.FoundIndex,0,0,0,0,0,0,0
org.apache.xalan.processor.WhitespaceInfoPaths,0,0,0,0,0,0,0
org.apache.xalan.lib.NodeInfo,0,0,0,0,0,0,0
org.apache.xml.utils.res.XResources_fr,0,0,0,0,0,0,0
org.apache.xalan.templates.ElemSort,0,0,0,0,0,0,0
org.apache.xml.utils.WrongParserException,0,0,0,0,0,0,0
org.apache.xalan.lib.sql.SQLErrorDocument,0,0,0,0,0,2,0
org.apache.xml.utils.IntStack,0,0,0,0,0,0,0
org.apache.xpath.SourceTreeManager,0,0,0,0,0,0,0
org.apache.xalan.xsltc.cmdline.Compile,0,0,0,0,0,0,0
org.apache.xalan.xsltc.compiler.AlternativePattern,0,0,0,0,0,0,0
org.apache.xalan.xsltc.compiler.util.NamedMethodGenerator,0,0,0,0,0,0,0
org.apache.xalan.transformer.KeyTable,0,0,0,0,0,3,0
org.apache.xalan.xsltc.dom.FilteredStepIterator,0,0,0,0,0,0,0
org.apache.xml.dtm.SecuritySupport,0,0,0,0,0,0,0
org.apache.xpath.objects.XStringForChars,0,0,0,0,0,0,0
org.apache.xalan.xsltc.compiler.VariableRef,0,0,0,0,1,0,0
org.apache.xml.utils.UnImplNode,0,0,0,0,0,0,0
org.apache.xml.res.XMLErrorResources_zh_CN,0,0,0,0,0,0,0
org.apache.xalan.xsltc.compiler.util.NumberType,0,0,0,0,0,0,0
org.apache.xpath.compiler.SecuritySupport12,0,0,0,0,0,0,0
org.apache.xalan.xsltc.runtime.StringValueHandler,0,0,0,0,0,0,0
org.apache.xpath.domapi.XPathNSResolverImpl,0,0,0,0,0,0,0
org.apache.xpath.XPathProcessorException,0,0,0,0,1,0,0
org.apache.xalan.templates.ElemWhen,0,0,0,0,0,0,0
org.apache.xalan.xslt.ObjectFactory,0,0,0,0,0,0,0
org.apache.xml.utils.res.XResources_es,0,0,0,0,0,0,0
org.apache.xpath.functions.SecuritySupport12,0,0,0,0,0,0,0
org.apache.xalan.lib.sql.SQLQueryParser,0,0,0,0,0,0,0
org.apache.xml.serializer.SecuritySupport,0,0,0,0,0,0,0
org.apache.xpath.operations.Mult,0,0,0,0,0,0,0
org.apache.xml.utils.res.XResources_en,0,0,0,0,0,0,0
org.apache.xml.utils.res.XResources_el,0,0,0,0,0,0,0
org.apache.xpath.axes.WalkingIteratorSorted,0,0,0,0,0,0,0
org.apache.xalan.xsltc.compiler.Message,0,0,0,0,0,0,0
org.apache.xpath.functions.FuncDoclocation,0,0,0,0,0,0,0
org.apache.xpath.operations.Number,0,0,0,0,0,0,0
org.apache.xalan.xsltc.compiler.UnparsedEntityUriCall,0,0,0,0,0,0,0
org.apache.xalan.lib.ExsltBase,0,0,0,0,0,0,0
org.apache.xalan.xsltc.compiler.RelativePathPattern,0,0,0,0,0,0,0
org.apache.xml.dtm.ref.DTMNamedNodeMap,0,0,0,0,0,0,0
org.apache.xalan.transformer.NumeratorFormatter,0,0,0,0,0,0,0
org.apache.xml.dtm.ref.DTMNodeListBase,0,0,0,0,0,0,0
org.apache.xpath.axes.FilterExprIterator,0,0,0,0,0,0,0
org.apache.xpath.operations.Equals,0,0,0,0,0,0,0
org.apache.xpath.objects.XObjectFactory,0,0,0,0,0,0,0
org.apache.xml.serializer.EncodingInfo,0,0,0,0,0,0,0
org.apache.xalan.xsltc.compiler.util.ErrorMessages_zh_CN,0,0,0,0,0,0,0
org.apache.xml.utils.Hashtree2Node,0,0,0,0,0,0,0
org.apache.xml.utils.NameSpace,0,0,0,0,0,0,0
org.apache.xalan.processor.StylesheetHandler,0,0,0,11,0,0,0
org.apache.xalan.templates.Stylesheet,0,0,0,6,0,0,0
org.apache.xml.res.XMLMessages,0,0,0,0,0,0,0
org.apache.xml.utils.res.XResources_de,0,0,0,0,0,0,0
org.apache.xml.dtm.ref.dom2dtm.DOM2DTMdefaultNamespaceDeclarationNode,0,0,0,0,0,0,0
org.apache.xalan.xsltc.compiler.util.MethodType,0,0,0,0,0,0,0
org.apache.xalan.xsltc.compiler.BooleanExpr,0,0,0,0,0,0,0
org.apache.xml.utils.res.XResources_ja_JP_I,0,0,0,0,0,0,0
org.apache.xml.utils.res.XResources_cy,0,0,0,0,0,0,0
org.apache.xpath.objects.GreaterThanOrEqualComparator,0,0,1,0,0,0,0
org.apache.xml.utils.res.XResources_ja_JP_A,0,0,0,0,0,0,0
org.apache.xpath.XPathAPI,0,0,0,0,0,0,0
org.apache.xalan.processor.TransformerFactoryImpl,1,1,0,0,0,0,0
org.apache.xalan.xsltc.compiler.NamespaceUriCall,0,0,0,0,0,0,0
org.apache.xalan.serialize.SerializerFactory,0,0,0,0,0,0,0
org.apache.xpath.patterns.FunctionPattern,0,0,0,0,0,0,0
org.apache.xpath.axes.UnionChildIterator,0,0,0,0,0,0,0
org.apache.xalan.xsltc.compiler.SyntaxTreeNode,0,0,0,0,0,0,0
org.apache.xalan.xsltc.runtime.SecuritySupport12,0,0,0,0,0,0,0
org.apache.xalan.xsltc.dom.MultipleNodeCounter,0,0,0,0,0,0,1
org.apache.xalan.lib.ObjectFactory,0,0,0,0,0,0,0
org.apache.xml.serializer.OutputPropertiesFactory,0,0,0,0,0,0,0
org.apache.xalan.xsltc.compiler.FilterExpr,0,0,0,0,0,0,0
org.apache.xalan.xsltc.compiler.ParameterRef,0,0,0,0,0,0,0
org.apache.xml.utils.synthetic.SynthesisException,0,0,0,0,0,0,0
org.apache.xalan.extensions.ExtensionsTable,0,3,0,0,0,3,0
org.apache.xpath.functions.FuncCurrent,0,0,0,0,0,0,0
org.apache.xml.dtm.ref.DTMAxisIteratorBase,0,0,0,0,0,0,0
org.apache.xalan.xsltc.compiler.KeyCall,0,0,0,0,0,0,0
org.apache.xalan.xsltc.compiler.Fallback,0,0,0,0,0,0,0
org.apache.xalan.templates.ElemTemplate,0,6,0,0,0,0,0
org.apache.xalan.processor.ProcessorStylesheetDoc,0,0,0,0,0,0,0
org.apache.xml.dtm.DTMConfigurationException,0,0,0,0,0,0,0
org.apache.xalan.transformer.TransformerHandlerImpl,0,0,0,0,0,3,0
org.apache.xalan.xsltc.compiler.SecuritySupport12,0,0,0,0,0,0,0
org.apache.xalan.xsltc.compiler.NamespaceAlias,0,0,0,0,0,0,0
org.apache.xalan.templates.TemplateList,6,0,0,0,0,4,0
org.apache.xpath.operations.Operation,0,0,0,0,0,0,0
org.apache.xpath.operations.Minus,0,0,0,0,0,0,0
org.apache.xalan.xsltc.cmdline.getopt.MissingOptArgException,0,0,0,0,0,0,0
org.apache.xml.serializer.EmptySerializer,0,0,0,0,0,0,0
org.apache.xalan.templates.XUnresolvedVariable,0,0,0,0,0,3,0
org.apache.xalan.xsltc.compiler.CompilerException,0,0,0,0,0,0,0
org.apache.xalan.transformer.TransformSnapshotImpl,0,0,0,0,0,0,0
org.apache.xpath.axes.WalkerFactory,0,0,0,0,0,1,0
org.apache.xml.dtm.ref.DTMChildIterNodeList,0,0,0,0,0,0,0
org.apache.xpath.functions.FuncLast,0,0,0,0,0,0,0
org.apache.xpath.compiler.OpCodes,0,0,0,0,0,0,0
org.apache.xpath.objects.XMLStringFactoryImpl,0,0,0,0,0,0,0
org.apache.xalan.xsltc.cmdline.SecuritySupport,0,0,0,0,0,0,0
org.apache.xalan.xslt.SecuritySupport,0,0,0,0,0,0,0
org.apache.xalan.trace.EndSelectionEvent,0,0,0,0,1,6,0
org.apache.xpath.objects.XObject,0,0,0,5,0,0,0
org.apache.xalan.xsltc.compiler.util.Type,0,0,0,0,0,0,0
org.apache.xml.serializer.ToSAXHandler,0,0,0,0,0,0,0
org.apache.xalan.xsltc.compiler.Stylesheet,0,11,0,6,0,0,0
org.apache.xml.utils.SAXSourceLocator,0,0,0,0,0,0,0
org.apache.xalan.xsltc.trax.TrAXFilter,0,0,0,0,0,0,0
org.apache.xalan.lib.sql.SQLDocument,0,0,0,1,0,0,0
org.apache.xalan.xsltc.compiler.CopyOf,0,0,0,0,0,0,0
org.apache.xml.serializer.ToUnknownStream,0,0,0,0,0,0,0
org.apache.xalan.xslt.SecuritySupport12,0,0,0,0,0,0,0
org.apache.xalan.xsltc.compiler.ProcessingInstruction,0,0,0,0,0,0,0
org.apache.xalan.xsltc.compiler.Copy,0,0,0,0,0,0,0
org.apache.xalan.xsltc.dom.AdaptiveResultTreeImpl,0,0,0,0,0,1,0
org.apache.xalan.xsltc.trax.TransformerImpl,0,0,0,1,0,0,0
org.apache.xalan.templates.AVTPart,0,0,0,0,0,0,0
org.apache.xalan.templates.FuncDocument,0,0,0,0,0,0,0
org.apache.xalan.transformer.XalanTransformState,0,0,0,0,0,0,0
org.apache.xalan.xsltc.compiler.CallTemplate,0,0,0,0,0,0,0
org.apache.xalan.processor.ProcessorLRE,0,0,0,0,0,2,0
org.apache.xml.utils.synthetic.JavaUtils,0,0,0,0,0,0,0
org.apache.xalan.templates.ElemExsltFunction,0,0,0,0,0,0,0
org.apache.xalan.xsltc.compiler.LocationPathPattern,0,0,0,0,0,0,0
org.apache.xpath.axes.ReverseAxesWalker,0,0,0,0,0,0,0
org.apache.xalan.xsltc.compiler.ValueOf,0,0,0,0,0,0,0
org.apache.xalan.xsltc.compiler.CUP$XPathParser$actions,0,0,0,0,0,0,0
org.apache.xalan.xsltc.dom.SortingIterator,0,0,0,0,0,0,0
org.apache.xalan.xsltc.compiler.AttributeSet,0,0,0,0,0,0,0
org.apache.xml.dtm.ref.DTMStringPool,0,0,0,0,0,0,0
org.apache.xalan.lib.sql.ObjectArray,0,0,0,0,0,0,0
org.apache.xpath.operations.Quo,0,0,0,0,0,0,0
org.apache.xpath.XPathContext,0,19,0,13,0,8,0
org.apache.xalan.xsltc.compiler.util.ObjectFactory,0,0,0,0,0,0,0
org.apache.xpath.res.XPATHErrorResources_pt_BR,0,0,0,0,0,0,0
org.apache.xalan.xsltc.runtime.ObjectFactory,0,0,0,0,0,0,0
org.apache.xpath.functions.FuncContains,0,0,0,0,0,0,0
org.apache.xml.utils.NamespaceSupport2,0,0,0,0,0,0,0
org.apache.xalan.lib.sql.XConnection,0,0,0,0,0,2,0
org.apache.xpath.compiler.XPathParser,0,0,0,2,0,0,0
org.apache.xml.utils.synthetic.Class,0,0,0,0,0,0,0
org.apache.xpath.res.XPATHErrorResources,0,0,0,0,0,0,0
org.apache.xpath.objects.XNull,0,0,0,0,0,0,0
org.apache.xalan.xsltc.compiler.Pattern,0,0,0,0,0,0,0
org.apache.xalan.xsltc.compiler.RelativeLocationPath,0,0,0,0,0,0,0
org.apache.xpath.functions.FuncTrue,0,0,0,0,0,0,0
org.apache.xalan.xsltc.compiler.util.MultiHashtable,0,0,0,0,0,0,0
org.apache.xalan.xsltc.dom.DOMAdapter,0,0,0,0,0,1,0
org.apache.xpath.functions.FuncSystemProperty,2,0,0,0,0,0,0
org.apache.xml.serializer.NamespaceMappings,0,0,0,0,0,0,0
org.apache.xalan.templates.FuncFormatNumb,0,0,0,0,0,0,0
org.apache.xpath.functions.FuncConcat,0,0,0,0,0,0,0
org.apache.xalan.xsltc.trax.XSLTCSource,0,0,0,0,0,0,0
org.apache.xalan.res.XSLTErrorResources_tr,0,0,0,0,0,0,0
org.apache.xalan.xsltc.compiler.util.NodeType,0,0,0,0,0,0,0
org.apache.xpath.compiler.XPathDumper,0,0,0,0,0,0,0
org.apache.xalan.xsltc.compiler.StringCall,0,0,0,0,0,0,0
org.apache.xml.dtm.ref.dom2dtm.DOM2DTM,0,0,0,0,0,3,0
org.apache.xml.utils.SerializableLocatorImpl,0,0,0,0,0,0,0
org.w3c.dom.xpath.XPathException,0,0,0,0,0,0,0
org.apache.xml.serializer.ToXMLSAXHandler,0,0,0,0,0,2,0
org.apache.xpath.functions.FuncExtFunctionAvailable,0,0,0,0,0,0,0
org.apache.xpath.functions.WrongNumberArgsException,0,0,0,0,1,0,0
org.apache.xalan.templates.RedundentExprEliminator,2,1,0,0,0,4,0
org.apache.xalan.xsltc.compiler.util.ObjectType,0,0,0,0,0,0,0
org.apache.xalan.lib.sql.PooledConnection,0,0,0,0,0,0,0
org.apache.xalan.xsltc.compiler.sym,0,0,0,0,0,0,0
org.apache.xml.dtm.ref.NodeLocator,0,0,0,0,0,0,0
org.apache.xalan.extensions.SecuritySupport12,0,0,0,0,0,0,0
org.apache.xml.dtm.ref.DTMDefaultBaseTraversers,0,0,0,0,0,2,0
org.apache.xalan.res.XSLTErrorResources_sv,0,0,0,0,0,0,0
org.apache.xml.serializer.ToHTMLStream,0,0,0,0,0,2,0
org.apache.xpath.axes.WalkingIterator,0,0,0,0,0,0,0
org.apache.xalan.res.XSLTErrorResources_sk,0,0,0,0,0,0,0
org.apache.xalan.extensions.ExtensionHandlerExsltFunction,0,0,0,0,0,2,0
org.apache.xpath.domapi.XPathNamespaceImpl,0,0,0,0,0,0,0
org.apache.xalan.xsltc.runtime.ErrorMessages_zh_CN,0,0,0,0,0,0,0
org.apache.xpath.axes.OneStepIteratorForward,0,0,0,0,0,0,0
org.apache.xml.dtm.ref.DTMNodeProxy,0,0,0,0,0,0,0
org.apache.xpath.operations.Bool,0,0,0,0,0,0,0
org.apache.xpath.functions.FuncLang,0,0,0,0,0,0,0
org.apache.xalan.xsltc.trax.DOM2TO,0,0,0,0,0,0,0
org.apache.xalan.xsltc.compiler.util.MethodGenerator,0,0,0,1,0,1,0
org.apache.xml.utils.ListingErrorHandler,0,0,0,0,0,0,0
org.apache.xpath.functions.FuncNot,0,0,0,0,0,0,0
org.apache.xml.utils.ObjectPool,0,0,0,0,0,0,0
org.apache.xalan.extensions.ExtensionNamespacesManager,0,0,0,0,0,0,0
org.apache.xalan.res.XSLTErrorResources_ru,0,0,0,0,0,0,0
org.apache.xalan.xsltc.compiler.IntExpr,0,0,0,0,0,0,0
org.apache.xalan.transformer.XSLInfiniteLoopException,0,0,0,0,0,0,0
org.apache.xalan.trace.ExtensionEvent,0,0,0,0,0,0,0
org.apache.xalan.xsltc.cmdline.SecuritySupport12,0,0,0,0,0,0,0
org.apache.xalan.extensions.ObjectFactory,0,0,0,0,0,0,0
org.apache.xml.serializer.CharInfo,3,4,0,0,0,0,0
org.apache.xalan.templates.ElemAttribute,0,0,0,0,0,0,0
org.apache.xalan.xsltc.compiler.util.CompareGenerator,0,0,0,0,0,0,0
org.apache.xalan.processor.ProcessorGlobalParamDecl,0,0,0,0,0,0,0
org.apache.xml.utils.WrappedRuntimeException,0,0,0,0,0,0,0
org.apache.xalan.trace.SelectionEvent,0,0,0,0,0,6,0
org.apache.xalan.res.XSLMessages,0,0,0,0,0,0,0
org.apache.xalan.xsltc.compiler.util.AttributeSetMethodGenerator,0,0,0,0,0,0,0
org.apache.xpath.functions.FuncNumber,0,0,0,0,0,0,0
org.apache.xalan.transformer.TransformerIdentityImpl,0,0,0,0,0,0,0
org.apache.xpath.compiler.PsuedoNames,0,0,0,0,0,0,0
org.apache.xpath.axes.AttributeIterator,0,0,0,0,0,0,0
org.apache.xml.utils.AttList,0,0,0,0,0,0,0
org.apache.xalan.xsltc.runtime.SecuritySupport,0,0,0,0,0,0,0
org.apache.xalan.xsltc.compiler.LiteralAttribute,0,0,0,0,0,0,0
org.apache.xpath.operations.Plus,0,0,0,0,0,0,0
org.apache.xalan.lib.ExsltDatetime,0,0,0,0,0,0,0
org.apache.xalan.xsltc.compiler.BinOpExpr,0,0,0,0,0,0,0
org.apache.xalan.processor.ProcessorDecimalFormat,0,0,0,0,0,0,0
org.apache.xpath.res.XPATHErrorResources_zh_TW,0,0,0,0,0,0,0
org.apache.xalan.xsltc.compiler.PositionCall,0,0,0,0,0,0,0
org.apache.xalan.xsltc.compiler.KeyPattern,0,0,0,0,0,0,0
org.apache.xalan.xsltc.compiler.SecuritySupport,0,0,0,0,0,0,0
org.apache.xpath.functions.FuncQname,0,0,0,0,0,0,0
org.apache.xpath.functions.SecuritySupport,0,0,0,0,0,0,0
org.apache.xalan.xsltc.compiler.util.NodeCounterGenerator,0,0,0,0,0,2,0
org.apache.xalan.xsltc.dom.SecuritySupport12,0,0,0,0,0,0,0
org.apache.xalan.res.XSLTErrorResources_pl,0,0,0,0,0,0,0
org.apache.xml.utils.SecuritySupport12,0,0,0,0,0,0,0
org.apache.xalan.templates.NamespaceAlias,0,0,0,0,0,0,0
org.apache.xml.dtm.ref.sax2dtm.SAX2DTM2,0,0,0,0,0,2,0
org.apache.xml.utils.PrefixResolverDefault,0,0,0,0,0,0,0
org.apache.xalan.xsltc.runtime.Parameter,0,0,0,0,0,0,0
org.apache.xml.utils.XMLReaderManager,0,0,0,0,0,0,0
org.apache.xalan.xsltc.dom.NodeSortRecord,0,0,0,0,0,2,0
org.apache.xalan.xsltc.compiler.util.NodeSortRecordFactGenerator,0,0,0,0,0,2,0
org.apache.xalan.templates.StylesheetRoot,0,0,0,4,0,13,0
org.apache.xml.utils.StringToIntTable,0,0,0,0,0,0,0
org.apache.xpath.functions.FuncNormalizeSpace,0,0,0,0,0,0,0
org.apache.xml.utils.StringToStringTableVector,0,0,0,0,0,0,0
org.apache.xalan.xslt.EnvironmentCheck,0,0,0,0,0,0,0
org.apache.xalan.xsltc.compiler.util.IntType,0,0,0,0,0,0,0
org.apache.xml.dtm.ObjectFactory,0,0,0,0,0,0,0
org.apache.xalan.templates.OutputProperties,0,0,0,0,0,0,0
org.apache.xalan.xsltc.compiler.Text,0,0,0,0,0,0,0
org.apache.xpath.functions.FuncPosition,0,0,0,0,0,0,0
org.apache.xpath.functions.FuncId,0,0,0,0,0,3,0
org.apache.xpath.functions.FuncStringLength,0,0,0,0,0,0,0
org.apache.xpath.functions.FuncCount,0,0,0,0,0,0,0
org.apache.xalan.xsltc.dom.NodeSortRecordFactory,0,0,0,0,0,0,0
org.apache.xalan.xsltc.compiler.Mode,0,0,0,0,0,5,0
org.apache.xpath.XPathVisitor,0,0,0,0,0,0,0
org.apache.xml.serializer.SerializerFactory,0,0,0,0,0,0,0
org.apache.xml.utils.DOM2Helper,0,0,0,0,0,0,0
org.apache.xalan.lib.Extensions,0,0,0,0,0,0,0
org.apache.xml.utils.res.XResources_zh_TW,0,0,0,0,0,0,0
org.apache.xalan.xsltc.compiler.UnionPathExpr,0,0,0,0,0,0,0
org.apache.xpath.operations.UnaryOperation,0,0,0,0,0,0,0
org.apache.xpath.operations.Lte,0,0,0,0,0,0,0
org.apache.xalan.processor.XSLTElementProcessor,0,0,0,0,0,3,0
org.apache.xalan.xsltc.dom.MultiDOM,0,0,0,0,0,0,0
org.apache.xpath.operations.And,0,0,0,0,0,0,0
org.apache.xml.utils.synthetic.reflection.Constructor,0,0,0,0,0,0,0
org.apache.xalan.templates.ElemWithParam,0,0,0,0,0,0,0
org.apache.xalan.templates.AVT,0,0,0,0,0,5,0
org.apache.xalan.lib.ExsltDynamic,0,0,0,0,0,0,0
org.apache.xpath.objects.EqualComparator,0,0,1,0,0,0,0
org.apache.xalan.templates.ElemApplyImport,0,0,0,0,0,0,0
org.apache.xpath.functions.FunctionMultiArgs,0,0,0,0,0,0,0
org.apache.xalan.extensions.ExpressionVisitor,0,0,0,0,0,0,0
org.apache.xpath.operations.VariableSafeAbsRef,0,0,0,0,0,0,0
org.apache.xalan.lib.sql.ObjectFactory,0,0,0,0,0,0,0
org.apache.xml.serializer.Method,0,0,0,0,0,0,0
org.apache.xpath.domapi.XPathExpressionImpl,0,0,0,0,0,0,0
org.apache.xml.utils.SystemIDResolver,0,0,0,0,0,0,0
org.apache.xalan.transformer.NodeSorter,0,0,0,0,0,2,0
org.apache.xpath.functions.FuncFloor,0,0,0,0,0,0,0
org.apache.xalan.processor.ProcessorInclude,0,0,0,0,0,1,0
org.apache.xml.dtm.ref.DTMDefaultBaseIterators,0,0,0,0,0,2,0
org.apache.xpath.functions.FuncNamespace,0,0,0,0,0,0,0
org.apache.xalan.lib.SecuritySupport12,0,0,0,0,0,0,0
org.apache.xalan.templates.ElemApplyTemplates,0,0,0,0,0,0,0
org.apache.xalan.processor.ProcessorKey,0,0,0,0,0,2,0
org.apache.xalan.lib.sql.ConnectionPoolManager,1,0,0,0,0,0,0
org.apache.xalan.transformer.MsgMgr,0,0,0,0,0,5,0
org.apache.xalan.templates.AVTPartXPath,0,0,0,0,0,3,0
org.apache.xalan.xsltc.dom.SingleNodeCounter,0,0,0,0,0,0,1
org.apache.xalan.xsltc.compiler.CeilingCall,0,0,0,0,0,0,0
org.apache.xalan.processor.ProcessorPreserveSpace,0,0,0,0,0,0,0
org.apache.xalan.xsltc.compiler.LocalNameCall,0,0,0,0,0,0,0
org.apache.xalan.xsltc.trax.TransformerHandlerImpl,0,0,0,0,0,4,0
org.apache.xml.dtm.ref.DTMDefaultBase,3,3,0,0,0,2,0
org.apache.xml.dtm.ref.DTMTreeWalker,0,0,0,0,0,0,0
org.apache.xml.serializer.SecuritySupport12,0,0,0,0,0,0,0
org.apache.xalan.processor.XSLTSchema,0,0,0,0,0,0,0
org.apache.xalan.xsltc.compiler.BooleanCall,0,0,0,0,0,0,0
org.apache.xpath.operations.Neg,0,0,0,0,0,0,0
org.apache.xpath.SourceTree,0,0,0,0,0,0,0
org.apache.xalan.xsltc.compiler.Otherwise,0,0,0,0,0,0,0
org.apache.xml.utils.Trie,0,0,0,0,0,0,0
org.apache.xml.dtm.ref.DTMAxisIterNodeList,0,0,0,0,0,0,0
org.apache.xpath.functions.ObjectFactory,0,0,0,0,0,0,0
org.apache.xalan.xsltc.compiler.AncestorPattern,0,0,0,0,0,0,0
org.apache.xalan.xsltc.dom.StepIterator,0,0,0,0,0,0,0
org.apache.xalan.res.XSLTErrorResources_ko,0,0,0,0,0,0,0
org.apache.xpath.axes.BasicTestIterator,0,0,0,0,0,0,0
org.apache.xalan.xsltc.compiler.Include,0,0,0,0,0,0,0
org.apache.xalan.extensions.ExtensionHandlerGeneral,0,0,0,0,0,5,0
org.apache.xml.dtm.ref.DTMSafeStringPool,0,0,0,0,0,0,0
org.apache.xalan.extensions.ExtensionHandlerJavaClass,0,0,0,0,0,5,0
org.apache.xalan.templates.DecimalFormatProperties,0,0,0,0,0,0,0
org.apache.xml.dtm.ref.CustomStringPool,0,0,0,0,0,0,0
org.apache.xalan.transformer.DecimalToRoman,0,1,0,0,0,0,0
org.apache.xalan.xsltc.compiler.Template,0,0,0,0,0,0,0
org.apache.xpath.functions.FuncSubstringBefore,0,0,0,0,0,0,0
org.apache.xalan.xsltc.compiler.QName,0,0,0,0,0,0,0
org.apache.xalan.extensions.XSLProcessorContext,0,0,0,0,0,0,0
org.apache.xalan.xsltc.compiler.util.StringStack,0,0,0,0,0,0,0
org.apache.xalan.templates.ElemComment,0,0,0,0,0,0,0
org.apache.xalan.xsltc.compiler.LiteralExpr,0,0,0,0,0,0,0
org.apache.xalan.templates.FuncKey,0,0,0,0,0,0,0
org.apache.xpath.axes.LocPathIterator,0,5,0,1,0,0,0
org.apache.xalan.xsltc.compiler.util.ErrorMsg,0,0,0,0,0,0,0
org.apache.xalan.extensions.MethodResolver,0,0,0,0,0,0,0
org.apache.xml.serializer.ElemContext,0,0,0,0,0,0,0
org.apache.xalan.xsltc.compiler.Number,0,0,0,0,0,0,0
org.apache.xalan.res.XSLTErrorResources_ja,0,0,0,0,0,0,0
org.apache.xalan.xsltc.runtime.ErrorMessages_tr,0,0,0,0,0,0,0
org.apache.xpath.functions.FuncExtElementAvailable,0,0,0,0,0,0,0
org.apache.xml.utils.XMLStringDefault,0,0,0,0,0,0,0
org.apache.xalan.xsltc.compiler.util.ErrorMessages,0,0,0,0,0,0,0
org.apache.xalan.xsltc.util.IntegerArray,0,0,0,0,0,0,0
org.apache.xalan.xsltc.compiler.AttributeValue,0,0,0,0,0,0,0
org.apache.xalan.xsltc.compiler.CastExpr,0,0,0,0,0,0,0
org.apache.xalan.processor.ProcessorStripSpace,0,0,0,0,0,0,0
org.apache.xalan.xsltc.compiler.ContainsCall,0,0,0,0,0,0,0
org.apache.xalan.transformer.QueuedEvents,0,1,0,0,0,0,0
org.apache.xalan.xsltc.runtime.ErrorMessages,0,0,0,0,0,0,0
org.apache.xalan.templates.KeyDeclaration,0,0,0,0,0,0,0
org.apache.xalan.res.XSLTErrorResources_it,0,0,0,0,0,0,0
org.apache.xalan.xsltc.compiler.Whitespace,0,0,0,0,0,0,0
org.apache.xalan.xsltc.dom.DupFilterIterator,0,0,0,0,0,0,0
org.apache.xpath.functions.FuncLocalPart,0,0,0,0,0,0,0
org.apache.xalan.extensions.SecuritySupport,0,0,0,0,0,0,0
org.apache.xml.serializer.ToXMLStream,1,0,0,0,0,2,0
org.apache.xml.dtm.DTMAxisTraverser,0,0,0,0,0,0,0
org.apache.xpath.patterns.UnionPattern,0,0,0,0,0,0,0
org.apache.xalan.xsltc.compiler.XPathParser,0,2,0,0,0,0,0
org.apache.xalan.xsltc.compiler.FunctionCall,0,0,0,0,0,0,0
org.apache.xalan.client.XSLTProcessorApplet,0,0,0,0,0,0,0
org.apache.xalan.res.XSLTErrorResources_pt_BR,0,0,0,0,0,0,0
org.apache.xalan.xsltc.compiler.util.NodeSortRecordGenerator,0,0,0,0,0,2,0
org.apache.xpath.functions.FuncCeiling,0,0,0,0,0,0,0
org.apache.xpath.compiler.OpMap,0,0,0,0,0,0,0
org.apache.xml.utils.XMLStringFactory,0,0,0,0,0,0,0
org.apache.xalan.xsltc.runtime.ErrorMessages_sk,0,0,0,0,0,0,0
org.apache.xalan.transformer.KeyIterator,0,0,0,0,0,0,0
org.apache.xalan.extensions.ExtensionHandler,0,0,0,0,0,6,0
org.apache.xml.utils.StopParseException,0,0,0,0,4,0,0
org.apache.xalan.res.XSLTErrorResources_hu,0,0,0,0,0,0,0
org.apache.xalan.xsltc.compiler.StartsWithCall,0,0,0,0,0,0,0
org.apache.xalan.xsltc.dom.DocumentCache,0,0,0,0,0,0,0
org.apache.xalan.xsltc.compiler.util.ErrorMessages_tr,0,0,0,0,0,0,0
org.apache.xalan.xsltc.compiler.FlowList,0,0,0,0,0,0,0
org.apache.xml.dtm.ref.ObjectFactory,0,0,0,0,0,0,0
org.apache.xpath.objects.LessThanComparator,0,0,1,0,0,0,0
org.apache.xpath.objects.XNumber,0,0,0,0,0,0,0
org.apache.xalan.xsltc.runtime.ErrorMessages_ru,0,0,0,0,0,0,0
org.apache.xpath.operations.Variable,0,0,0,0,0,0,0
org.apache.xalan.xsltc.compiler.NotCall,0,0,0,0,0,0,0
org.apache.xpath.operations.Gte,0,0,0,0,0,0,0
org.apache.xalan.xsltc.compiler.CurrentCall,0,0,0,0,0,0,0
org.apache.xalan.templates.ElemCallTemplate,0,0,0,0,0,0,0
org.apache.xalan.xsltc.compiler.RoundCall,0,0,0,0,0,0,0
org.apache.xml.utils.res.XResources_ja_JP_HI,0,0,0,0,0,0,0
org.apache.xalan.xsltc.compiler.ProcessingInstructionPattern,0,0,0,0,0,0,0
org.apache.xml.utils.URI,0,0,0,0,0,0,0
org.apache.xalan.xsltc.compiler.util.ErrorMessages_sk,0,0,0,0,0,0,0
org.apache.xml.utils.res.XResources_ja_JP_HA,0,0,0,0,0,0,0
org.apache.xpath.objects.Comparator,0,0,1,0,0,0,0
org.apache.xalan.xsltc.compiler.NumberCall,0,0,0,0,0,0,0
org.apache.xalan.xsltc.trax.SmartTransformerFactoryImpl,0,0,0,0,0,0,0
org.apache.xalan.xsltc.cmdline.getopt.GetOpt,0,0,0,0,0,0,0
org.apache.xalan.xsltc.runtime.output.TransletOutputHandlerFactory,0,0,0,0,0,0,0
org.apache.xml.utils.synthetic.reflection.Field,0,0,0,0,0,0,0
org.apache.xalan.templates.ElemAttributeSet,0,2,0,0,0,0,0
org.apache.xalan.xsltc.compiler.ParentLocationPath,0,0,0,0,0,0,0
org.apache.xalan.res.XSLTErrorResources_fr,0,0,0,0,0,0,0
org.apache.xalan.templates.AbsPathChecker,0,0,0,0,0,0,0
org.apache.xalan.xsltc.compiler.util.ErrorMessages_ru,0,0,0,0,0,0,0
org.apache.xpath.axes.DescendantIterator,0,0,0,0,0,0,0
org.apache.xpath.NodeSetDTM,0,0,0,1,0,0,0
org.apache.xalan.templates.Constants,0,0,0,0,0,0,0
org.apache.xalan.xsltc.compiler.Import,0,0,0,0,0,0,0
org.apache.xpath.objects.XRTreeFragSelectWrapper,0,0,0,0,0,0,0
org.apache.xpath.objects.GreaterThanComparator,0,0,1,0,0,0,0
org.apache.xalan.xsltc.compiler.IdPattern,0,0,0,0,0,0,0
org.apache.xml.dtm.ref.ExtendedType,0,0,0,0,0,0,0
org.apache.xalan.transformer.TrAXFilter,0,0,0,0,0,0,0
org.apache.xpath.axes.UnionPathIterator,0,0,0,0,0,0,0
org.apache.xalan.xsltc.compiler.util.ReferenceType,0,0,0,0,0,0,0
org.apache.xalan.xsltc.runtime.ErrorMessages_pl,0,0,0,0,0,0,0
org.apache.xpath.domapi.XPathEvaluatorImpl,0,0,0,0,0,0,0
org.apache.xalan.res.XSLTErrorResources_es,0,0,0,0,0,0,0
org.apache.xpath.axes.RTFIterator,0,0,0,0,0,0,0
org.apache.xpath.objects.LessThanOrEqualComparator,0,0,1,0,0,0,0
org.apache.xalan.res.XSLTErrorResources_en,0,0,0,0,0,0,0
org.apache.xml.utils.StylesheetPIHandler,0,0,0,0,0,0,0
org.apache.xalan.xsltc.runtime.Attributes,0,0,0,0,0,0,0
org.apache.xml.utils.synthetic.reflection.EntryPoint,0,0,0,0,0,0,0
org.apache.xalan.templates.ElemForEach,0,4,0,0,0,0,0
org.apache.xpath.res.XPATHErrorResources_tr,0,0,0,0,0,0,0
org.apache.xpath.functions.FuncBoolean,0,0,0,0,0,0,0
org.apache.xalan.xsltc.dom.SAXImpl,0,0,0,2,0,0,0
org.apache.xalan.xsltc.trax.TransformerFactoryImpl,2,0,0,2,0,0,0
org.apache.xalan.extensions.ExtensionHandlerJavaPackage,0,0,0,0,0,5,0
org.apache.xalan.templates.ElemCopyOf,0,2,0,0,0,0,0
org.apache.xml.utils.SuballocatedIntVector,0,0,0,0,0,0,0
org.apache.xml.utils.DOMBuilder,0,0,0,0,0,0,0
org.apache.xpath.res.XPATHErrorResources_sv,0,0,0,0,0,0,0
org.apache.xalan.xsltc.compiler.util.ErrorMessages_pl,0,0,0,0,0,0,0
org.apache.xml.dtm.ref.DTMDocumentImpl,0,0,0,0,0,3,0
org.apache.xml.dtm.ref.IncrementalSAXSource_Filter,0,0,0,0,0,0,0
org.apache.xalan.res.XSLTErrorResources_de,0,0,0,0,0,0,0
org.apache.xpath.operations.String,0,0,0,0,0,0,0
org.apache.xalan.xsltc.compiler.FormatNumberCall,0,0,0,0,0,0,0
org.apache.xalan.res.XSLTErrorResources_zh_TW,0,0,0,0,0,0,0
org.apache.xml.utils.MutableAttrListImpl,0,0,0,0,0,1,0
org.apache.xalan.xsltc.runtime.ErrorMessages_no,0,0,0,0,0,0,0
org.apache.xpath.res.XPATHErrorResources_sk,0,0,0,0,0,0,0
org.apache.xml.utils.NodeVector,0,0,0,0,0,0,0
org.apache.xml.serializer.ToStream,0,0,0,0,0,2,0
org.apache.xalan.xsltc.compiler.XSLTC,0,0,0,0,0,0,0
org.apache.xalan.res.XSLTErrorResources_cs,0,0,0,0,0,0,0
org.apache.xalan.lib.ExsltMath,0,0,0,0,0,0,0
org.apache.xalan.templates.ElemMessage,0,0,0,0,0,0,0
org.apache.xalan.xsltc.compiler.Expression,0,0,0,0,0,0,0
org.apache.xalan.xsltc.compiler.StringLengthCall,0,0,0,0,0,0,0
org.apache.xpath.operations.Div,0,0,0,0,0,0,0
org.apache.xalan.xsltc.compiler.util.FilterGenerator,0,0,0,0,0,2,0
org.apache.xml.utils.CharKey,0,0,0,0,0,0,0
org.apache.xml.utils.PrefixForUriEnumerator,0,0,0,0,0,0,0
org.apache.xpath.res.XPATHErrorResources_ru,0,0,0,0,0,0,0
org.apache.xalan.res.XSLTErrorResources_ca,0,0,0,0,0,0,0
org.apache.xalan.xsltc.compiler.Output,0,0,0,0,0,0,0
org.apache.xalan.xsltc.trax.TemplatesImpl,0,0,0,0,0,2,0
org.apache.xml.utils.XMLStringFactoryDefault,0,0,0,0,0,0,0
org.apache.xml.serializer.WriterToUTF8Buffered,0,0,0,0,0,0,0
org.apache.xalan.xsltc.dom.NodeIteratorBase,0,0,0,0,0,0,0
org.apache.xpath.functions.FunctionDef1Arg,0,0,0,0,0,0,0
org.apache.xalan.templates.ElemExtensionCall,0,0,0,0,0,0,0
org.apache.xalan.templates.ElemPI,0,0,0,0,0,0,0
org.apache.xalan.xsltc.dom.SortSettings,0,0,0,0,0,2,0
org.apache.xalan.xsltc.compiler.XslElement,0,0,0,0,0,0,0
org.apache.xalan.xsltc.compiler.util.ErrorMessages_no,0,0,0,0,0,0,0
org.apache.xml.utils.StringBufferPool,0,0,0,0,0,0,0
org.apache.xalan.xsltc.compiler.Choose,0,0,0,0,0,0,0
org.apache.xalan.xsltc.compiler.SimpleAttributeValue,0,0,0,0,0,0,0
org.apache.xml.utils.Constants,0,0,0,0,0,0,0
org.apache.xalan.xsltc.compiler.Sort,0,0,0,0,0,0,0
org.apache.xml.utils.res.XResourceBundleBase,0,0,0,0,0,0,0
org.apache.xalan.xsltc.compiler.FunctionAvailableCall,0,0,0,0,0,0,0
org.apache.xalan.xsltc.cmdline.getopt.GetOptsException,0,0,0,0,0,0,0
org.apache.xalan.xsltc.compiler.LogicalExpr,0,0,0,0,0,0,0
org.apache.xml.dtm.ref.DTMManagerDefault,0,0,0,0,0,2,0
org.apache.xalan.xsltc.compiler.NameCall,0,0,0,0,0,0,0
org.apache.xalan.transformer.TransformerImpl,30,22,0,13,0,0,0
org.apache.xalan.templates.ElemVariable,0,0,0,0,0,0,0
org.apache.xalan.xsltc.cmdline.ObjectFactory,0,0,0,0,0,0,0
org.apache.xml.res.XMLErrorResources_pt_BR,0,0,0,0,0,0,0
org.apache.xml.utils.SecuritySupport,0,0,0,0,0,0,0
org.apache.xalan.lib.ExsltSets,0,0,0,0,0,0,0
org.apache.xalan.templates.ElemExtensionScript,0,0,0,0,0,0,0
org.apache.xalan.templates.ElemCopy,0,0,0,0,0,0,0
org.apache.xml.utils.ObjectStack,0,0,0,0,0,0,0
org.apache.xpath.functions.FuncTranslate,0,0,0,0,0,0,0
org.apache.xpath.functions.FuncExtFunction,0,0,0,0,0,0,0
org.apache.xalan.xsltc.dom.ForwardPositionIterator,0,0,0,0,0,0,0
org.apache.xalan.xsltc.compiler.When,0,0,0,0,0,0,0
org.apache.xalan.lib.sql.DefaultConnectionPool,0,0,0,0,0,0,0
org.apache.xalan.xsltc.runtime.ErrorMessages_ko,0,0,0,0,0,0,0
org.apache.xpath.res.XPATHErrorResources_pl,0,0,0,0,0,0,0
org.apache.xml.utils.StringComparable,0,0,0,0,0,0,0
org.apache.xpath.axes.OneStepIterator,0,0,0,0,0,0,0
org.apache.xalan.processor.ProcessorOutputElem,0,0,0,0,0,1,0
org.apache.xalan.xsltc.compiler.ParentPattern,0,0,0,0,0,0,0
org.apache.xpath.functions.Function2Args,0,0,0,0,0,0,0
org.apache.xml.res.XMLErrorResources_tr,0,0,0,0,0,0,0
org.apache.xpath.objects.NotEqualComparator,0,0,1,0,0,0,0
org.apache.xalan.xsltc.compiler.util.ErrorMessages_pt_BR,0,0,0,0,0,0,0
org.apache.xalan.processor.ProcessorExsltFunction,0,0,0,0,0,2,0
org.apache.xalan.xsltc.compiler.util.RtMethodGenerator,0,0,0,0,0,0,0
org.apache.xalan.templates.TemplateSubPatternAssociation,0,0,0,0,0,0,0
org.apache.xalan.xsltc.compiler.StepPattern,0,0,0,0,0,0,0
org.apache.xpath.functions.FuncSubstring,0,0,0,0,0,0,0
org.apache.xalan.xsltc.runtime.output.StringOutputBuffer,0,0,0,0,0,0,0
org.apache.xalan.trace.TracerEvent,0,0,0,0,0,0,0
org.apache.xalan.templates.XMLNSDecl,0,0,0,0,0,0,0
org.apache.xpath.VariableStack,0,0,0,0,0,0,0
org.apache.xpath.operations.NotEquals,0,0,0,0,0,0,0
org.apache.xalan.xsltc.compiler.AbsolutePathPattern,0,0,0,0,0,0,0
org.apache.xalan.res.XSLTErrorResources,0,0,0,0,0,0,0
org.apache.xalan.xsltc.compiler.IdKeyPattern,0,0,0,0,0,0,0
org.apache.xalan.xsltc.dom.CurrentNodeListIterator,0,0,0,0,0,2,0
org.apache.xalan.templates.StylesheetComposed,0,0,0,0,0,0,0
org.apache.xalan.xsltc.compiler.If,0,0,0,0,0,0,0
org.apache.xpath.axes.NodeSequence,0,0,0,0,0,0,0
org.apache.xalan.trace.PrintTraceListener,0,4,0,0,0,0,0
org.apache.xml.res.XMLErrorResources_sv,0,0,0,0,0,0,0
org.apache.xalan.extensions.ExtensionHandlerJava,0,0,0,0,0,0,0
org.apache.xalan.xsltc.runtime.ErrorMessages_ja,0,0,0,0,0,0,0
org.apache.xalan.xsltc.compiler.Attribute,0,0,0,0,0,0,0
org.apache.xpath.res.XPATHErrorResources_zh_CN,0,0,0,0,0,0,0
org.apache.xpath.compiler.OpMapVector,0,0,0,0,0,0,0
org.apache.xalan.xsltc.compiler.util.ErrorMessages_ko,0,0,0,0,0,0,0
org.apache.xml.res.XMLErrorResources_sk,0,0,0,0,0,0,0
org.apache.xalan.xsltc.runtime.ErrorMessages_it,0,0,0,0,0,0,0
org.apache.xalan.xsltc.compiler.AbsoluteLocationPath,0,0,0,0,0,0,0
org.apache.xml.utils.Context2,0,0,0,0,0,0,0
org.apache.xalan.xsltc.compiler.VariableRefBase,0,0,0,0,0,0,0
org.apache.xpath.axes.MatchPatternIterator,0,0,0,0,0,0,0
org.apache.xpath.CachedXPathAPI,0,0,0,0,0,0,0
org.apache.xalan.lib.PipeDocument,0,0,0,0,0,0,0
org.apache.xml.utils.NSInfo,0,0,0,0,0,0,0
org.apache.xpath.functions.FuncFalse,0,0,0,0,0,0,0
org.apache.xalan.xsltc.compiler.TopLevelElement,0,0,0,0,0,0,0
org.apache.xpath.objects.XNodeSetForDOM,0,0,0,0,0,0,0
org.apache.xalan.xsltc.dom.UnionIterator,0,0,0,0,0,0,0
org.apache.xalan.xsltc.compiler.EqualityExpr,0,0,0,0,0,0,0
org.apache.xml.res.XMLErrorResources_ru,0,0,0,0,0,0,0
org.apache.xpath.domapi.XPathResultImpl,0,0,0,0,0,0,0
org.apache.xalan.templates.ElemTemplateElement,0,0,0,16,0,0,0
org.apache.xalan.xsltc.compiler.Key,0,0,0,0,0,0,0
org.apache.xalan.xsltc.compiler.util.TypeCheckError,0,0,0,0,0,0,0
org.apache.xalan.xsltc.runtime.ErrorMessages_hu,0,0,0,0,0,0,0
org.apache.xalan.xsltc.runtime.AbstractTranslet,0,7,0,6,0,0,0
org.apache.xalan.templates.ElemUnknown,0,0,0,0,0,0,0
org.apache.xalan.xsltc.compiler.util.ErrorMessages_ja,0,0,0,0,0,0,0
org.apache.xml.utils.LocaleUtility,0,0,0,0,0,0,0
org.apache.xpath.patterns.ContextMatchStepPattern,0,0,0,0,0,0,0
org.apache.xalan.processor.XSLTElementDef,0,0,0,1,0,2,0
org.apache.xalan.xsltc.dom.SimpleResultTreeImpl,0,0,0,0,0,0,0
org.apache.xalan.processor.ProcessorStylesheetElement,0,0,0,0,0,1,0
org.apache.xalan.xsltc.trax.DOM2SAX,0,0,0,0,0,0,0
org.apache.xalan.xsltc.compiler.util.ErrorMessages_it,0,0,0,0,0,0,0
org.apache.xpath.objects.XBoolean,0,0,0,0,0,0,0
org.apache.xml.dtm.ref.sax2dtm.SAX2DTM,3,0,0,0,0,3,0
org.apache.xpath.axes.HasPositionalPredChecker,0,0,0,0,0,0,0
org.apache.xpath.compiler.Compiler,0,0,0,2,0,0,0
org.apache.xml.utils.res.XResources_zh_CN,0,0,0,0,0,0,0
org.apache.xalan.Version,0,0,0,0,0,0,0
org.apache.xpath.functions.FuncSubstringAfter,0,0,0,0,0,0,0
org.apache.xpath.objects.XStringForFSB,0,0,0,0,0,0,0
org.apache.xalan.processor.ProcessorTemplateElem,0,0,0,0,0,2,0
org.apache.xml.dtm.ref.ChunkedIntArray,0,0,0,0,0,0,0
org.apache.xpath.compiler.ObjectFactory,0,0,0,0,0,0,0
org.apache.xpath.NodeSet,0,0,0,0,0,2,0
org.apache.xpath.functions.FuncGenerateId,0,0,0,0,0,0,0
org.apache.xalan.xsltc.dom.LoadDocument,0,0,0,0,0,2,0
org.apache.xalan.xsltc.compiler.util.ErrorMessages_hu,0,0,0,0,0,0,0
org.apache.xml.res.XMLErrorResources_zh_TW,0,0,0,0,0,0,0
org.apache.xalan.templates.ElemIf,0,0,0,0,0,0,0
org.apache.xpath.functions.FuncRound,0,0,0,0,0,0,0
org.apache.xalan.xsltc.compiler.SymbolTable,0,0,0,0,0,0,0
org.apache.xml.res.XMLErrorResources_pl,0,0,0,0,0,0,0
org.apache.xml.dtm.ref.DTMNodeIterator,0,0,0,0,0,0,0
org.apache.xalan.xsltc.runtime.ErrorMessages_fr,0,0,0,0,0,0,0
org.apache.xpath.res.XPATHErrorResources_ko,0,0,0,0,0,0,0
org.apache.xml.utils.QName,0,0,0,0,0,0,0
org.apache.xalan.xsltc.compiler.FilterParentPath,0,0,0,0,0,0,0
org.apache.xalan.xsltc.runtime.AttributeList,0,0,0,0,0,0,0
org.apache.xml.utils.FastStringBuffer,5,0,0,0,0,1,0
org.apache.xalan.xsltc.dom.KeyIndex,0,0,0,0,0,0,0
org.apache.xalan.xsltc.dom.DOMWSFilter,0,0,0,0,0,0,0
org.apache.xalan.xsltc.ProcessorVersion,0,0,0,0,0,0,0
org.apache.xalan.xsltc.trax.SecuritySupport,0,0,0,0,0,0,0
org.apache.xalan.lib.SecuritySupport,0,0,0,0,0,0,0
org.apache.xml.utils.ThreadControllerWrapper,0,0,0,0,0,0,0
org.apache.xalan.xsltc.compiler.util.ErrorMessages_zh_TW,0,0,0,0,0,0,0
org.apache.xpath.XPathException,0,0,0,0,0,0,0
org.apache.xalan.xsltc.compiler.Step,0,0,0,0,0,0,0
org.apache.xalan.xsltc.compiler.util.VoidType,0,0,0,0,0,0,0
org.apache.xalan.xsltc.compiler.WithParam,0,0,0,0,0,0,0
org.apache.xalan.xsltc.dom.ObjectFactory,0,0,0,0,0,0,0
org.apache.xpath.axes.AxesWalker,0,0,0,0,0,0,0
org.apache.xalan.xsltc.runtime.ErrorMessages_es,0,0,0,0,0,0,0
org.apache.xalan.xsltc.compiler.CastCall,0,0,0,0,0,0,0
org.apache.xalan.xsltc.compiler.ApplyImports,0,0,0,0,0,0,0
org.apache.xpath.patterns.NodeTest,0,0,0,0,0,0,0
org.apache.xml.serializer.Utils,0,0,0,0,0,0,0
org.apache.xalan.xsltc.compiler.IllegalCharException,0,0,0,0,1,0,0
org.apache.xalan.xsltc.compiler.ConcatCall,0,0,0,0,0,0,0
org.apache.xalan.xsltc.cmdline.Transform,0,0,0,0,0,0,0
org.apache.xpath.res.XPATHErrorResources_ja,0,0,0,0,0,0,0
org.apache.xml.serializer.ToTextStream,0,0,0,0,0,0,0
org.apache.xalan.xsltc.compiler.util.ErrorMessages_fr,0,0,0,0,0,0,0
org.apache.xpath.patterns.StepPattern,0,0,0,0,0,4,0
org.apache.xalan.xsltc.compiler.ElementAvailableCall,0,0,0,0,0,0,0
org.apache.xalan.xsltc.dom.SecuritySupport,0,0,0,0,0,0,0
org.apache.xalan.xsltc.runtime.BasisLibrary,0,0,0,0,0,0,0
org.apache.xpath.functions.FuncStartsWith,0,0,0,0,0,0,0
org.apache.xpath.res.XPATHErrorResources_it,0,0,0,0,0,0,0
org.apache.xml.dtm.ref.sax2dtm.SAX2RTFDTM,0,0,0,0,0,3,0
org.apache.xalan.processor.ProcessorGlobalVariableDecl,0,0,0,0,0,0,0
org.apache.xalan.xsltc.compiler.LangCall,0,0,0,0,0,0,0
org.apache.xalan.xsltc.compiler.RelationalExpr,0,0,0,0,0,0,0
org.apache.xalan.xsltc.compiler.util.NodeSetType,0,0,0,0,0,0,0
org.apache.xalan.templates.ElemExsltFuncResult,0,0,0,0,0,0,0
org.apache.xpath.functions.FuncString,0,0,0,0,0,0,0
org.apache.xml.serializer.WriterToASCI,0,0,0,0,0,0,0
org.apache.xalan.xsltc.runtime.ErrorMessages_de,0,0,0,0,0,0,0
org.apache.xalan.xsltc.compiler.TransletOutput,0,0,0,0,0,0,0
org.apache.xalan.templates.ElemLiteralResult,0,0,0,0,0,0,0
org.apache.xalan.xsltc.compiler.util.ErrorMessages_es,0,0,0,0,0,0,0
org.apache.xalan.transformer.KeyManager,0,0,0,0,0,5,0
org.apache.xalan.lib.sql.DTMDocument,0,0,0,0,0,3,0
org.apache.xalan.xsltc.dom.NodeCounter,0,0,0,0,0,3,0
org.apache.xalan.xsltc.compiler.Parser,0,0,0,1,0,0,0
org.apache.xpath.res.XPATHErrorResources_hu,0,0,0,0,0,0,0
org.apache.xml.utils.res.XResourceBundle,0,0,0,0,0,0,0
org.apache.xml.serializer.AttributesImplSerializer,0,0,0,0,0,0,0
org.apache.xalan.xsltc.runtime.ErrorMessages_cs,0,0,0,0,0,0,0
org.apache.xalan.templates.ElemText,0,0,0,0,0,0,0
org.apache.xml.utils.res.XResources_sv,0,0,0,0,0,0,0
org.apache.xalan.transformer.ClonerToResultTree,0,0,0,0,0,0,0
org.apache.xalan.xsltc.compiler.FilteredAbsoluteLocationPath,0,0,0,0,0,0,0
org.apache.xalan.xsltc.compiler.ObjectFactory,0,0,0,0,0,0,0
org.apache.xml.dtm.DTMManager,14,14,0,0,0,6,0
org.apache.xml.utils.IntVector,0,0,0,0,0,0,0
org.apache.xalan.xsltc.compiler.LiteralElement,0,0,0,0,0,0,0
org.apache.xalan.xsltc.compiler.util.StringType,0,0,0,0,0,0,0
org.apache.xalan.xsltc.TransletException,0,0,0,0,0,0,0
org.apache.xalan.xsltc.runtime.ErrorMessages_ca,0,0,0,0,0,0,0
org.apache.xpath.compiler.SecuritySupport,0,0,0,0,0,0,0
org.apache.xalan.xsltc.runtime.ErrorMessages_pt_BR,0,0,0,0,0,0,0
org.apache.xpath.res.XPATHMessages,0,0,0,0,0,0,0
org.apache.xml.serializer.SerializerTraceWriter,0,0,0,0,0,0,0
org.apache.xalan.xsltc.compiler.util.ErrorMessages_de,0,0,0,0,0,0,0
org.apache.xml.dtm.SecuritySupport12,0,0,0,0,0,0,0
org.apache.xalan.lib.sql.QueryParameter,0,0,0,0,0,0,0
org.apache.xalan.xsltc.compiler.XslAttribute,0,0,0,0,0,0,0
org.apache.xalan.xsltc.compiler.util.ResultTreeType,0,0,0,0,0,0,0
org.apache.xalan.xsltc.dom.NthIterator,0,0,0,0,0,0,0
org.apache.xalan.xsltc.runtime.Node,0,0,0,0,0,0,0
org.apache.xpath.Expression,0,0,0,0,0,0,0
org.apache.xalan.xsltc.runtime.output.WriterOutputBuffer,0,0,0,0,0,0,0
org.apache.xalan.xsltc.runtime.CallFunction,0,0,0,0,0,0,0
org.apache.xpath.objects.XBooleanStatic,0,0,0,0,0,0,0
org.apache.xalan.xsltc.compiler.util.ErrorMessages_cs,0,0,0,0,0,0,0
org.apache.xalan.xsltc.dom.AbsoluteIterator,0,0,0,0,0,0,0
org.apache.xml.res.XMLErrorResources_ko,0,0,0,0,0,0,0
org.apache.xalan.xsltc.compiler.UseAttributeSets,0,0,0,0,0,0,0
org.apache.xml.utils.StringToStringTable,0,0,0,0,0,0,0
org.apache.xalan.xsltc.trax.TemplatesHandlerImpl,0,0,0,0,0,0,0
org.apache.xpath.res.XPATHErrorResources_fr,0,0,0,0,0,0,0
org.apache.xalan.xsltc.dom.ClonedNodeListIterator,0,0,0,0,0,0,0
org.apache.xpath.axes.IteratorPool,0,0,0,0,0,0,0
org.apache.xml.utils.XMLChar,0,0,0,0,0,0,0
org.apache.xalan.xsltc.compiler.UnsupportedElement,0,0,0,0,0,0,0
org.apache.xalan.xsltc.dom.CachedNodeListIterator,0,0,0,0,0,0,0
org.apache.xalan.xsltc.compiler.XPathLexer,0,0,0,0,0,0,0
